,,,,Timecard Report,
Pay Period,,,01/20/2025-01/26/2025,
Employee,,,MARIA A (11089),
Date,,IN,OUT,Work Time, Daily Total, Note,
MON,01/20/2025,10:13,18:00,7.79,7.79,
TUE,01/21/2025,10:15,16:31,6.28,6.28,
WED,01/22/2025,
THU,01/23/2025,
FRI,01/24/2025,
SAT,01/25/2025,
SUN,01/26/2025,
Total Hours,,,,,14.07,


Pay Period,,,01/20/2025-01/26/2025,
Employee,,,KARLA D (14118),
Date,,IN,OUT,Work Time, Daily Total, Note,
MON,01/20/2025,10:13,18:00,7.78,7.78,
TUE,01/21/2025,
WED,01/22/2025,
THU,01/23/2025,
FRI,01/24/2025,10:32,14:57,4.41,4.41,
SAT,01/25/2025,
SUN,01/26/2025,
Total Hours,,,,,12.19,


Pay Period,,,01/20/2025-01/26/2025,
Employee,,,WILMARIE O (18353),
Date,,IN,OUT,Work Time, Daily Total, Note,
MON,01/20/2025,
TUE,01/21/2025,
WED,01/22/2025,10:01,16:10,6.14,6.14,
THU,01/23/2025,09:30,13:11,3.70,3.70,
FRI,01/24/2025,
SAT,01/25/2025,10:35,15:55,5.34,5.34,
SUN,01/26/2025,
Total Hours,,,,,15.18,
